{
"query": {
"count": 10,
"created": "2016-02-12T11:54:24Z",
"lang": "es",
"diagnostics": {},
"results": {
"place": [
{
"lang": "en-US",
"xmlns": "http://where.yahooapis.com/v1/schema.rng",
"yahoo": "http://www.yahooapis.com/v1/base.rng",
"uri": "http://where.yahooapis.com/v1/place/766273",
"woeid": "766273",
"placeTypeName": {
"code": "7",
"content": "Town"
},
"name": "Madrid",
"country": {
"code": "ES",
"type": "Country",
"woeid": "23424950",
"content": "Spain"
},
"admin1": {
"code": "",
"type": "Autonomous Community",
"woeid": "12578024",
"content": "Madrid"
},
"admin2": {
"code": "",
"type": "Province",
"woeid": "12602090",
"content": "Madrid"
},
"admin3": null,
"locality1": {
"type": "Town",
"woeid": "766273",
"content": "Madrid"
},
"locality2": null,
"postal": null,
"centroid": {
"latitude": "40.421429",
"longitude": "-3.67163"
},
"boundingBox": {
"southWest": {
"latitude": "40.325939",
"longitude": "-3.79887"
},
"northEast": {
"latitude": "40.520081",
"longitude": "-3.5349"
}
},
"areaRank": "1",
"popRank": "1",
"timezone": {
"type": "Time Zone",
"woeid": "56043644",
"content": "Europe/Madrid"
}
},
{
"lang": "en-US",
"xmlns": "http://where.yahooapis.com/v1/schema.rng",
"yahoo": "http://www.yahooapis.com/v1/base.rng",
"uri": "http://where.yahooapis.com/v1/place/361938",
"woeid": "361938",
"placeTypeName": {
"code": "7",
"content": "Town"
},
"name": "Madrid",
"country": {
"code": "CO",
"type": "Country",
"woeid": "23424787",
"content": "Colombia"
},
"admin1": {
"code": "",
"type": "Department",
"woeid": "2345078",
"content": "Cundinamarca"
},
"admin2": {
"code": "",
"type": "Municipality",
"woeid": "26797100",
"content": "Madrid"
},
"admin3": null,
"locality1": {
"type": "Town",
"woeid": "361938",
"content": "Madrid"
},
"locality2": null,
"postal": null,
"centroid": {
"latitude": "4.72781",
"longitude": "-74.264748"
},
"boundingBox": {
"southWest": {
"latitude": "4.72079",
"longitude": "-74.271797"
},
"northEast": {
"latitude": "4.73483",
"longitude": "-74.257698"
}
},
"areaRank": "1",
"popRank": "1",
"timezone": {
"type": "Time Zone",
"woeid": "28350741",
"content": "America/Bogota"
}
},
{
"lang": "en-US",
"xmlns": "http://where.yahooapis.com/v1/schema.rng",
"yahoo": "http://www.yahooapis.com/v1/base.rng",
"uri": "http://where.yahooapis.com/v1/place/2444047",
"woeid": "2444047",
"placeTypeName": {
"code": "33",
"content": "Estate"
},
"name": "Madrid",
"country": {
"code": "US",
"type": "Country",
"woeid": "23424977",
"content": "United States"
},
"admin1": {
"code": "US-VA",
"type": "State",
"woeid": "2347605",
"content": "Virginia"
},
"admin2": {
"code": "",
"type": "County",
"woeid": "12590312",
"content": "Augusta"
},
"admin3": null,
"locality1": null,
"locality2": null,
"postal": {
"type": "Zip Code",
"woeid": "12767137",
"content": "22980"
},
"centroid": {
"latitude": "38.139931",
"longitude": "-78.874077"
},
"boundingBox": {
"southWest": {
"latitude": "38.130829",
"longitude": "-78.885628"
},
"northEast": {
"latitude": "38.149021",
"longitude": "-78.862518"
}
},
"areaRank": "1",
"popRank": "1",
"timezone": {
"type": "Time Zone",
"woeid": "56043648",
"content": "America/New_York"
}
},
{
"lang": "en-US",
"xmlns": "http://where.yahooapis.com/v1/schema.rng",
"yahoo": "http://www.yahooapis.com/v1/base.rng",
"uri": "http://where.yahooapis.com/v1/place/132644",
"woeid": "132644",
"placeTypeName": {
"code": "7",
"content": "Town"
},
"name": "Madrid",
"country": {
"code": "MX",
"type": "Country",
"woeid": "23424900",
"content": "Mexico"
},
"admin1": {
"code": "MX-CL",
"type": "State",
"woeid": "2346271",
"content": "Colima"
},
"admin2": {
"code": "",
"type": "Municipality",
"woeid": "12599932",
"content": "Tecoman"
},
"admin3": null,
"locality1": {
"type": "Town",
"woeid": "132644",
"content": "Madrid"
},
"locality2": null,
"postal": {
"type": "Postal Code",
"woeid": "24552494",
"content": "281"
},
"centroid": {
"latitude": "19.085699",
"longitude": "-103.871643"
},
"boundingBox": {
"southWest": {
"latitude": "19.077829",
"longitude": "-103.881287"
},
"northEast": {
"latitude": "19.0921",
"longitude": "-103.864189"
}
},
"areaRank": "1",
"popRank": "1",
"timezone": {
"type": "Time Zone",
"woeid": "56043602",
"content": "America/Mexico_City"
}
},
{
"lang": "en-US",
"xmlns": "http://where.yahooapis.com/v1/schema.rng",
"yahoo": "http://www.yahooapis.com/v1/base.rng",
"uri": "http://where.yahooapis.com/v1/place/2444049",
"woeid": "2444049",
"placeTypeName": {
"code": "7",
"content": "Town"
},
"name": "Madrid",
"country": {
"code": "US",
"type": "Country",
"woeid": "23424977",
"content": "United States"
},
"admin1": {
"code": "US-NY",
"type": "State",
"woeid": "2347591",
"content": "New York"
},
"admin2": {
"code": "",
"type": "County",
"woeid": "12589361",
"content": "St. Lawrence"
},
"admin3": null,
"locality1": {
"type": "Town",
"woeid": "2444049",
"content": "Madrid"
},
"locality2": null,
"postal": {
"type": "Zip Code",
"woeid": "12762923",
"content": "13660"
},
"centroid": {
"latitude": "44.750401",
"longitude": "-75.131104"
},
"boundingBox": {
"southWest": {
"latitude": "44.734619",
"longitude": "-75.158943"
},
"northEast": {
"latitude": "44.76614",
"longitude": "-75.103302"
}
},
"areaRank": "1",
"popRank": "1",
"timezone": {
"type": "Time Zone",
"woeid": "56043648",
"content": "America/New_York"
}
},
{
"lang": "en-US",
"xmlns": "http://where.yahooapis.com/v1/schema.rng",
"yahoo": "http://www.yahooapis.com/v1/base.rng",
"uri": "http://where.yahooapis.com/v1/place/2444048",
"woeid": "2444048",
"placeTypeName": {
"code": "7",
"content": "Town"
},
"name": "Madrid",
"country": {
"code": "US",
"type": "Country",
"woeid": "23424977",
"content": "United States"
},
"admin1": {
"code": "US-NM",
"type": "State",
"woeid": "2347590",
"content": "New Mexico"
},
"admin2": {
"code": "",
"type": "County",
"woeid": "12589305",
"content": "Santa Fe"
},
"admin3": null,
"locality1": {
"type": "Town",
"woeid": "2444048",
"content": "Madrid"
},
"locality2": null,
"postal": {
"type": "Zip Code",
"woeid": "12794898",
"content": "87010"
},
"centroid": {
"latitude": "35.403252",
"longitude": "-106.153778"
},
"boundingBox": {
"southWest": {
"latitude": "35.388512",
"longitude": "-106.16452"
},
"northEast": {
"latitude": "35.41547",
"longitude": "-106.138557"
}
},
"areaRank": "1",
"popRank": "1",
"timezone": {
"type": "Time Zone",
"woeid": "56043665",
"content": "America/Denver"
}
},
{
"lang": "en-US",
"xmlns": "http://where.yahooapis.com/v1/schema.rng",
"yahoo": "http://www.yahooapis.com/v1/base.rng",
"uri": "http://where.yahooapis.com/v1/place/2444050",
"woeid": "2444050",
"placeTypeName": {
"code": "7",
"content": "Town"
},
"name": "Madrid",
"country": {
"code": "US",
"type": "Country",
"woeid": "23424977",
"content": "United States"
},
"admin1": {
"code": "US-IA",
"type": "State",
"woeid": "2347574",
"content": "Iowa"
},
"admin2": {
"code": "",
"type": "County",
"woeid": "12588279",
"content": "Boone"
},
"admin3": null,
"locality1": {
"type": "Town",
"woeid": "2444050",
"content": "Madrid"
},
"locality2": null,
"postal": {
"type": "Zip Code",
"woeid": "12779801",
"content": "50156"
},
"centroid": {
"latitude": "41.87542",
"longitude": "-93.820328"
},
"boundingBox": {
"southWest": {
"latitude": "41.866871",
"longitude": "-93.836327"
},
"northEast": {
"latitude": "41.885239",
"longitude": "-93.809113"
}
},
"areaRank": "1",
"popRank": "1",
"timezone": {
"type": "Time Zone",
"woeid": "56043661",
"content": "America/Chicago"
}
},
{
"lang": "en-US",
"xmlns": "http://where.yahooapis.com/v1/schema.rng",
"yahoo": "http://www.yahooapis.com/v1/base.rng",
"uri": "http://where.yahooapis.com/v1/place/2444046",
"woeid": "2444046",
"placeTypeName": {
"code": "7",
"content": "Town"
},
"name": "Madrid",
"country": {
"code": "US",
"type": "Country",
"woeid": "23424977",
"content": "United States"
},
"admin1": {
"code": "US-NE",
"type": "State",
"woeid": "2347586",
"content": "Nebraska"
},
"admin2": {
"code": "",
"type": "County",
"woeid": "12589205",
"content": "Perkins"
},
"admin3": null,
"locality1": {
"type": "Town",
"woeid": "2444046",
"content": "Madrid"
},
"locality2": null,
"postal": {
"type": "Zip Code",
"woeid": "12788033",
"content": "69150"
},
"centroid": {
"latitude": "40.849388",
"longitude": "-101.542908"
},
"boundingBox": {
"southWest": {
"latitude": "40.843418",
"longitude": "-101.552437"
},
"northEast": {
"latitude": "40.85413",
"longitude": "-101.532791"
}
},
"areaRank": "1",
"popRank": "1",
"timezone": {
"type": "Time Zone",
"woeid": "56043665",
"content": "America/Denver"
}
},
{
"lang": "en-US",
"xmlns": "http://where.yahooapis.com/v1/schema.rng",
"yahoo": "http://www.yahooapis.com/v1/base.rng",
"uri": "http://where.yahooapis.com/v1/place/2444044",
"woeid": "2444044",
"placeTypeName": {
"code": "33",
"content": "Estate"
},
"name": "Madrid",
"country": {
"code": "US",
"type": "Country",
"woeid": "23424977",
"content": "United States"
},
"admin1": {
"code": "US-KY",
"type": "State",
"woeid": "2347576",
"content": "Kentucky"
},
"admin2": {
"code": "",
"type": "County",
"woeid": "12588489",
"content": "Breckinridge"
},
"admin3": null,
"locality1": null,
"locality2": null,
"postal": {
"type": "Zip Code",
"woeid": "12776061",
"content": "42754"
},
"centroid": {
"latitude": "37.61132",
"longitude": "-86.341522"
},
"boundingBox": {
"southWest": {
"latitude": "37.602219",
"longitude": "-86.352989"
},
"northEast": {
"latitude": "37.620411",
"longitude": "-86.33004"
}
},
"areaRank": "1",
"popRank": "1",
"timezone": {
"type": "Time Zone",
"woeid": "56043661",
"content": "America/Chicago"
}
},
{
"lang": "en-US",
"xmlns": "http://where.yahooapis.com/v1/schema.rng",
"yahoo": "http://www.yahooapis.com/v1/base.rng",
"uri": "http://where.yahooapis.com/v1/place/2444051",
"woeid": "2444051",
"placeTypeName": {
"code": "7",
"content": "Town"
},
"name": "Madrid",
"country": {
"code": "US",
"type": "Country",
"woeid": "23424977",
"content": "United States"
},
"admin1": {
"code": "US-AL",
"type": "State",
"woeid": "2347559",
"content": "Alabama"
},
"admin2": {
"code": "",
"type": "County",
"woeid": "12587521",
"content": "Houston"
},
"admin3": null,
"locality1": {
"type": "Town",
"woeid": "2444051",
"content": "Madrid"
},
"locality2": null,
"postal": null,
"centroid": {
"latitude": "31.035879",
"longitude": "-85.397881"
},
"boundingBox": {
"southWest": {
"latitude": "31.028179",
"longitude": "-85.416519"
},
"northEast": {
"latitude": "31.04365",
"longitude": "-85.381439"
}
},
"areaRank": "1",
"popRank": "1",
"timezone": {
"type": "Time Zone",
"woeid": "56043661",
"content": "America/Chicago"
}
}
]
}
}
}